original,translation
"(1) У ага ень е-е та там бисяң а-а.(2) Карон а-а еқлақн о-о тин ə-ə гə.(3) Ат хай ким хънуна қоть дивиль.(4) Бу хай қан қоть қан қан деқсақ е-е.(5) ‎‎Қоть қан а-а деʼң а-а деʼң е-е гə-гə.(6) Еқлақн о-о тин ень у-у.(7) Бу там бисяң е-е дагарақ.(8) Ан дагарақ там бисяң.(9) Москвадиңт манман дагарақ гə-гə.(10) Ат Келлогдиңтин у-у.(11) Бу гə кидиңт ə-ə бəн ңаитеан а-а.(12) Ага хай бəн давиль.(13) Ат ай Москвадиңа бəн боқой о-о, бəн боқой о-о е-гə.(14) Ат карон е-е.(15) Ат карон е-е.(16) Бу там биль иʼль ага ай бəн дақой.(17) Бу ай бат дунда, дунда гə.","(1) Ты здесь сейчас где-то.(2) Посмотрите, послушайте это.(3) Я тогда еще хоть немного спою.(4) Пусть и она хоть послушает.(5) Люди, люди, хоть вы(6) послушайте это сейчас!(7) Она где-то живет.(8) Она живет где-то.(9) В Москве живет.(10) Я в Келлоге.(11) Она сюда [приехать] не хочет.(12) Здесь она не споет.(13) Я в Москву не хочу, не хочу.(14) ‎‎Посмотрите на меня!(15) Посмотрите на меня!(16) Она где-то далеко, почему не хочет здесь песню [спеть]?(17) Что, бывало, с ней случалось."
"(1) Қоʼк баат дольдақ. (2) Будаңтэн обильда қоʼк баам, буңнаңтин қоʼк хыʼб обильда. (3) Бу толька ассанно, дэйаңольбет, уська таңоңолбет. (4) Бу толька, қотбесьдиңаль абескийакобетн, хиссыйдиңт саалакобетн. (5) Дугдийбильбет қотэ, тусяң саалакобетн. (6) Бись Дотам бокдиль дабутоләт, и бу бутолақ бу дейтол. (7) Си бу огон. (8) Бу дуотоң тумсь, дуотоң тум тамаксь. (9) Қобет қайа кольдо. (10) Дуотоң: қиб баатәң дейбуңбетн. (11) Бу динбесь наңа. (12) Бу дольтан буңна ылька. (13) Қиб баат тобинки будаңа: «Киди ассельди кәқтә хандо. (14) Ат уська боқос бинқок қусьдиң уська». (15) Бу долин бәнус кабеймна. (16) Кадэ ага бу долин. (17) Бик қиб баат тобинки будаңа: «Хандо киди ассельди кәқтә. (18) Ат куңа қәтуксебет биндиб хуʼн». (19) Бу кабеймна туди ассельди кәқтә. (20) Буң данодақин бу. (21) Қиб баат тобинки будаңа: «Канэең аб кәқтәдиңа». (22) Бу конэең буда кәқтәдиңа и суккольдиңал кайбнам, быт кайдиңаль. (23) Қиб баат огон уська, биндада колетдиңа огон. (24) Динбесьн буда колетдиңа. (25) Бу дуотоң қая колет. (26) Бу динуда қиб баат кәқтәдиңаль баңнаңа. (27) ‎‎Қиб баат ситонақ кеʼт эсяң. (28) Туда кеʼтась оңон ага колетдиңа, қакояқән буда иңосьдиңа. (29) Будаңтэн саалакобетн.","(1) Один старик жил. (2) У него была одна старуха, и у них один сын был. (3) Он ходил охотиться, убивал, назад носил. (4) Он ходил, наконец, заблудился, в лесу заночевал. (5) Выкопал яму, здесь заночевал. (6) Вечером Дотам из огня выскочила, и он испугался, он убежал. (7) Ночью он шел. (8) Он видит черное, видит черное что-то. (9) Хорошенько смотрел. (10) Видит: деды-старики [=деды-медведи] дерутся. (11) Он подошел к ним. (12) Он остановился около них. (13) Дед-старик сказал ему: «Этого зверя шею руби. (14) Я [тебя] к твоему дому назад отнесу». (15) Он стоял не рубил. (16) Потом он стоял. (17) Другой дед-старик сказал ему: «Руби этого зверя шею. (18) Я тебе дам свою дочь». (19) Он рубил того зверя шею. (20) Они убили его. (21) Дед-старик сказал ему: «Садись на мою шею». (22) Он сел его на шею и за затылок взял крепко, за шерсть. (23) Дед-старик шел назад, в свой город шел. (24) Пришли в его город. (25) Он видит большой город. (26) Он слез с шеи деда-старика на землю. (27) Дед-старик стал человеком. (28) С тем человеком пошли сюда в город , зашли в его дом. (29) У него заночевал."
"(1) Баат баамас долин, долин. (2) Буңнаңт хъна хыʼб обильда. (3) Буң саʼң бат оңон, хыʼб қа бат датобақн. (4) Бись уська бат динбесьн, саaңна кәйган бинаң билян, хыʼбдат таңа саңна булең бат тобақн. (5) Буңна хыʼб бат дильден саңна булең бәнән дуб. (6) Буда обаң си бат толаңан. (7) Бу си дугде бат дильден. (8) Дотам баам даинбесь, хыʼбда хый қибась даусбильтет, тулиң әла дабутоблей, боʼкдиңа даесоңдақ, хыʼб даолдоқ. (9) Хыʼбда амаң қоноқс хилаңтесин. (10) Буңна хыʼбда иңгий бәнсяң. (11) Дотам баам даольдоқ. (12) Баат бада: «Баамо! (13) Аттась қа касьнам». (14) Баам аттась қа дакайнам. (15) Баат аттась добни. (16) Дотам баамдиңа огон. (17) Дотам баам аттасясь дальтетна. (18) Дотам баам кәйга дилунбет, бинда уська динбесь. (19) Баамдиңа хәна бимний дотам баамди хуʼн даинбесь, мана: «Абаңа марамсанка қәтгетин, амди кәйга адат, ам даесилақ». (20) Баат аятаңабинсаң, аттасясь дотам баамди хуʼн диқэй. (21) Баат огон дотам баам бобсе диқэй. (22) Дотам баамди баат дигдоқон. (23) Баат дотам баамди баатдаңа бада: «Атась даңон сиэн, қадий у ат илдоқ». (24) Дотәт баат баатась хиссыйдиңа огон. (25) Оксьдаңаль сакәтләң хандо, тыʼндиңа добильда, ул датбияқ, боʼк билбет, тыʼн даңқимна. (26) Дотәт баатдаңа бада: «Қибо, кадо, тыʼн акс кақан!» (27) Дотәт баат бат колдо, хай бат колдо. (28) Баат тыʼн кайнам, ааң тыʼн Дотәт баатда әдиңа датбияқ. (29) Дотәт баат боʼк даолдoқ. (30) Баат былда даңқэй. (31) Баат биндада баамась дигдақан.","(1) Старик со старухой жили, жили. (2) У них маленький сын был. (3) Они белку промышлять ходили, сына дома оставляли. (4) Вечером домой приходили, белок головы сами ели, сыну только белок лапки оставляли. (5) Их сын плакал, белок лапки не ест. (6) Его родители ночью легли. (7) Он ночь целую плакал. (8) Дотам-старуха пришла, сына брюхо пополам распорола, кишки вон вытащила, в огонь положила, сына съела. (9) Сына родители утром встали. (10) Их сына шороха нет. (11) Дотам-старуха съела. (12) Старик говорит: «Старуха! (13) Копье домой возьми [=принеси]». (14) Старуха копье домой взяла. (15) Старик копье наточил. (16) К Дотам-старухе пошел. (17) Дотам-старуху копьем ударил. (18) Дотам-старухе голову проломил, сам домой вернулся. (19) К старухе немного погодя Дотам-старухи дочь пришла, говорит: «Мне марамсанку [траву] дайте, матери голова болит, мать прошла». (20) Старик рассердился, копьем Дотам-старухи дочь убил. (21) Старик пошел Дотам-старуху вовсе убил. (22) Дотам-старухи старик остался (23) Старик Дотам-старухи старику говорит: «Со мной идем есть, потом ты меня съешь». (24) Дотет-старик со стариком в лес пошел. (25) От дерева щепки рубил, в котел положил, воду налил, огонь сделал, котел вскипятил. (26) Дотет-старику говорит: «Дядя, смотри, котел как кипит!» (27) Дотет-старик смотрел, еще смотрел. (28) Старик котел взял, горячий котел на Дотет-старика вылил. (29) Дотет-старика огонь спалил [=съел]. (30) Старик всех убил. (31) Старик со своей старухой остался."
"(1) Анари там қорэсь, а бән, бән, анари богон (2) мордушка лёңлюбет. (3) Абась богон доʼң қимсен, қогэт ыксь. (4) Таң кысьн. (5) Таң кысьн. (6) Қaт богон (7) наʼнь ат кайнем, (8) мордушка наʼнь ат кайнем. (9) Қаре ат кайнем (10) Ат богон. (11) <нрзб>  (12) Мотор ақта лёберабет, (13) мотор, мотор-то ақта лёберабет. (14) Там аксь. (15) Ат богон, (16) а кине там ана бек снимарау, бек снимараусь. (17) Диимэсин. (18) А мордушка хаптэ тылқәс... (19) тылқасян хаптэ... (20) тылқасянам хаптэ мордушка. (21) Тыга әтн ақта даңон, (22) ақта даңон. (23) Диимэсь қадиңа, (24) аб мордушка хай қаʼйдиңа табут, (25) хай қаʼйдиңа табут мордушка. (26) Первый там қусь мордушка ат кат лёңугульт. (27) Ат лёңлюгульт (28) Ись хъня өнь бин дуусьқобет. (29) Ись қат усяң. (30) Қусь мордушка усяң ись. (31) А қон мордушка ат лёңлюгульт. (32) А сёоң совсем уже бәнсяң. (33) Там аксь ана бәнсяң. (34) Та қань. (35) Қата ту мордушка, қусь мордушка кат дуусьқий, (36) а қусь мордушка бәнсяң. (37) Там биля бәнсяң. (38) А потом... карига қусь мордушка кымае бин ат дулақ. (39) Хъныня, хъныня и қасяң домна. (40) И қасяң домна. (41) А аноқсь ат дияқ (42) кат лёңлюбет. (43) Ат лёңлюбет. (44) Та, ат бинут. (45) Боля {неразборчиво} там аксь ан бәнсяң. (46) Ат бинут. (47) Всё.","(1) Позавчера... или вчера... а нет, нет, позавчера я поехал (2) проверить мордушку. (3) Со мной поехали три женщины и один мужчина. (4) Все русские. (5) Все русские. (6) Ну, я пошел (7) взял хлеб. (8) Для мордушки хлеб взял. (9) Взял (10) и поехал. (11) <нрзб> (12) Мотор хорошо работает. (13) Мотор хорошо работает. (14) Что-то. (15) Ну, я поехал. (16) А они все снимают и снимают. (17) Приплыли. (18) Мордушки стояли в низовье. (19) В низовье стояли. (20) В низовье стояли мордушки. (21) Вниз по течению мы хорошо доехали. (22) Хорошо добрались. (23) Подошел я туда. (24) Мордушки мои под крутым берегом стоят. (25) У крутого берега мордушки стоят. (26) Проверил я первую мордушку. (27) Проверил. (28) Рыбы немного попалось. (29) Была там рыба. (30) В первой мордушке рыба была. (31) Я другую мордушку проверил. (32) А там - совсем уже ничего. (33) Ничего нет. (34) Ну, ладно. (35) Ну, в одну мордушку попалась рыба, (36) а в одну - нет. (37) Как-то ничего нет. (38) Потом я мордушку подальше отнес. (39) Немного подальше поставил. (40) Подальше поставил. (41) Завтра поеду, (42) проверю ее. (43) Проверю. (44) Ну, я закончил. (45) Больше нечего рассказывать. (46) Я закончил. (47) Все."
"(1) Киʼ ись дақэйин. (2) Первый ись. (3) Рыба. (4) Қоть ан асɘс ись. (5) Хоть какой. (6) Бат далонбетин исси тоʼн бэн бат сесь қураң. (7) И… и деʼң бисяң хәңонбетн. (8) Туниңа далонбетин бат. (9) Баат бат дуголақ. (10) А бара баат этот деʼң. (11) Бу бән простой баат. (12) Бу баңо баат. (13) Бу баат баат сэнаң. (14) Аль бат тибиндақ хинась. (15) Дулейбдақ. (16) «Тона. (17) Есь деʼң быльд а қан датарақн. (18) Тона. (19) Биссям есь деʼң хай қан дуисян. (20) Тона. (21) ‎‎Қоноқс кәнанди деʼң қан дақаролбетн». (22) Так и прям тона говорит: (23) «Пускай все, – говорит, – божьи есть в углаx с какие есть люди. (24) Пусть все едят».","(1) Свежую рыбу они убивают. (2) Первую рыбу. (3) Рыбу. (4) Хоть какую обычно рыбу. (5) Хоть какую. (6) Бывало, суп сварили рыбный, так ведь, бывало, на устье реки. (7) И… и люди где сеть ставили [=делали]. (8) Там суп сварили, бывало. (9) Старик, бывало, его унес. (10) А старик этот говорит людям. (11) Он не простой старик. (12) Он колдун [=колдовской старик]. (13) Он старик, старик-колдун. (14) Суп он, бывало, зачерпнул поварешкой. (15) Разбрызгал. (16) «Так! (17) Божьи люди все пусть вниз по реке бегут. (18) Так! (19) Потусоронние [=вечерней женщины], божьи люди еще пусть поедят. (20) Так! (21) Утренней зари люди пусть вниз по реке ходят [=ходили]». (22) Так и прям говорит: (23) «Пускай все, – говорит, – божьи есть в углах какие есть люди. (24) Пусть все едят»."
"(1) Я одного шамана видела. (2) ‎‎Старик, старик. (3) У него парка большой, большой. (4) Это он муж с Елогуя. (5) ‎‎Я его помню хорошо. (6) Қускe’т баат. (7) Это <нрзб>. (8) Парки мы одели. (9) Ему не одевают раньше времени. (10) Потом уж знают. (11) ‎‎Что маленько силы набирает. (12) Он сначала сидит. (13) ‎‎Ящик лежит. (14) ‎‎И на чем он, на земле сидит. (15) ‎‎На па... на на пихтах он в чуме сидит. (16) А те поёт тихонько: (17) «Дивил әә. (18) Дивил әә. (19) Ат аб арэң бат сякң бән бейиң каван уа. (20) Қалыңнаң тақа. (21) Каран қаʼ қотэ. (22) Уж деʼң табги ууу. (23) Деʼң табги ууу. (24) Қибабаң дасанодан оо. (25) Қибабаң дасанодан оо. (26) Қалың оо қалың оо. (27) Хас даанд илиң уу. (28) Хас даанд илиң уу. (29) Қибара баʼтэң тап да дериңа қан бильраң. (30) Қибара баʼтэң тап дериңа бильраң. (31) Када кирэ бән сякң каван». (32) Вот хас дубтэрин әә. (33) ‎‎Ему дают. (34) Он первое время не может подняться. (35) «Қалың, уу балтий усьна». (36) Балтий дуйбитн. (37) Да, ящик поставят. (38) Он на ящик сядет первый раз. (39) Ему тяжело вставать. (40) ‎‎Такой старик был. (41) Я видела. (42) Вот это қуске’т баат аа. (43) Потом да хас добяқн. (44) ‎‎Первый раз он тихонько. (45) ‎‎Не может, бат, бить его. (46) Дубитэт. (47) Потом начинает, начинает. (48) И он скажет. (49) Он говорить будет: (50) «Бестий деʼң баʼңдаңаль ага әә каңгбиндэн оо. (51) Бестий, бестий деʼң аб аа тәʼң а табан қақбеткадолитин аа». (52) Ке’тда қөн дурбалина қақбетконитин (53) «Қалың әә қибара қутқаʼт аа қан тульдиңа эсондақн. (54) Қалың уу қибара қутда қаʼт кэнтулдиңа эсондақн». (55) Ему дают парка. (56) ‎‎Одевают. (57) ‎‎Он говорит: (58) «Кентульдиң положьте. (59) Парка моя  положьте». (60) С паркой шаманская. (61) С паркой тяжелый. (62) Железа много. (63) Только бренчит. (64) ‎‎Там и колокол, там и все есть. (65) ‎‎Вот ему положили. (66) ‎‎Он опять начинает: (67) «Қалың әә тося табан ень болиодэн аа. (68) Қалың әә аб ариң те сесинта хънуна. (69) ‎‎Внуки, маленько поднимите меня». (70) Вот они его поднимут. (71) ‎‎И начинает старик шаманить. (72) ‎‎Как ветер носит его. (73) «Қиб аа там бей, – бара, – касянам оо. (74) Қибара ариң бән аб ариң оо бән оңон. (75) Қалың, әә аб аа қадаң оо қутда қаʼт кайибинамин әә. (76) Қибадаңтэн боля у бәнсяң. (77) Хънуна бек қоть къма касинямин әә. (78) Қибара қутқа’т къма касинямин». (79) Қиб әә помогаробет еә. (80) Қибара парка снимитесь. (81) У бәнсяң. (82) Силы  бәнсаң.","(1) Я одного шамана видела. (2) Старик, старик. (3) У него парка большая, большая. (4) Это он муж с Елогуя. (5) Я его помню хорошо. (6) Один старик. (7) Это <нрзб>. (8) Парки мы одели. (9) Ему не одевают раньше времени. (10) Потом уж знают. (11) Что маленько силы набирает. (12) Он сначала сидит. (13) Ящик лежит. (14) И на чем он, на земле сидит. (15) На пихтах он в чуме сидит. (16) А сейчас поёт тихонько: (17) «Пою, эээ. (18) Пою, эээ. (19) Как будто мои кости, бывало, тяжелые, не легкие становятся. (20) Внуков <перевод неясен>. (21) Старые слова вперед [скажу]. (22) Уж люди, скажу, ууу (23) Люди, скажу, ууу (24) Деды говорили, ооо. (25) Деды говорили, ооо. (26) Внуки, ооо, внуки, ооо. (27) Бубен, травы духи, ууу. (28) ‎‎Бубен, травы духи, ууу. (29) Деда колени [=деда коленей круг], да, деду разомните (30) Деда колени [=деда коленей круг] деду разомните. (31) Они легче становятся [=не тяжелыми]». (32) Вот в бубен бьют, эээ. (33) Ему дают. (34) Он первое время не может подняться. (35) «Внуки, ууу, ящик ставьте». (36) Ящик ставят. (37) Да, ящик поставят. (38) Он на ящик сядет первый раз. (39) Ему тяжело вставать. (40) Такой старик был. (41) Я видела. (42) Вот это один старик, ааа. (43) Потом, да, бубен дали [ему]. (44) Первый раз он тихонько. (45) Не может, бывало, бить его. (46) Бьют. (47) Потом начинает, начинает. (48) И он скажет. (49) Он говорить будет: (50) «Отовсюду [=мест везде] люди в лес, эээ, выходите, ооо. (51) Люди отовсюду, отовсюду мои, ааа, деньги сначала пусть мне несите». (52) Человека время <перевод неясен> вынесли его. (53) «Деда внуки, шаманскую парку пусть на тело [=внутренности] набросьте. (54) Внуки, на плечи деда шаманскую парку набросьте». (55) Ему парку дают. (56) Одевают. (57) Он говорит: (58) «На плечи положьте. (59) Парку мою положьте». (60) С паркой шаманской. (61) С паркой тяжелой. (62) Железа много. (63) Только бренчит. (64) Там и колокол, там и все есть. (65) Вот ему положили. (66) Он опять начинает: (67) «Внуки, наверх сначала сейчас меня отнесите, аа. (68) Внуки, [на] колени [=кости] сейчас сел немного. (69) Внуки, маленько поднимите меня». (70) Вот они его поднимут (71) И начинает старик шаманить. (72) Как ветер носит его. (73) «Деда вроде ветер, – говорит, – носил, ооо. (74) Кости деда не… мои кости не шли. (75) Внуки, в мой дом шаманскую [=духа] парку несите, эээ. (76) У деда больше силы не было. (77) <перевод неясен> прочь [парку] возьмите. (78) Деда шаманскую парку прочь возьмите». (79) Деду помоги. (80) Деду парку снимите. (81) Силы не было. (82) Силы не было."
"(1) Туниль кəйкеʼт огон. (2) Иʼ дугде тольга. (3) Этда қоʼт толуг. (4) Туниль аңонсааль. (5) Қоноқсь қагдекогон иʼ дугде. (6) Туляқ эт камгак. (7) Хəʼң дунқут. (8) Туниль сесьтакоқан. (9) Бись сесьта қоңлоқ дукоқат. (10) Туниль да аслин даодиңа. (11) Аслин каңильбет. (12) Этдиңа огон, касинам. (13) Эт дуалей, саалоқан.","(1) Потом на охоту пошел. (2) Целый день ходил. (3) Соболя след нашел. (4) Потом ночевал. (5) Утром гонять [=преследовать] стал целый день. (6) Потом соболь залез под дерево. (7) Сеть [из прутьев] ставил [=метал]. (8) Потом сидеть [=ждать] стал. (9) Вечером сидел, колокольчик гремит. (10) Потом лыжи одел. (11) Лыжи одел. (12) К соболю пошел, поймал. (13) Соболя убил, ночевать стал."
"(1) Да я родилась... (2) Ат детоля қяульда. (3) Кире қяулька ат детоля. (4) Әт тыгаль долин. (5) Аб қипдаңа дольдақ. (6) Аб қип ат дахуʼн эсяң касдинусь. (7) Ат дыльтось. (8) Ат наңа қяоӷон... (9) lольдақ. (10) Қайе ат лёбет сирақиндин. (11) Лёбет дусьтбогольбетин. (12) В двадцать первом году сюда мы приехали, в Суломай. (13) Кире Суломайдиңтэн қусь иңусь ана бәнсяң было. (14) Бән иңусь, бән амбэль. (15) Быльда қуң хаптанэн. (16) Деʼң талын қосябетин. (17) Деʼң талын тан дигибетин, кәт талын, сиругд талын. (18) Қимн хай бинаң лёберабетин. (19) Бинаңна деʼң, таʼпнаңа қоот уʼксято. (20) Соляң дугбетин. (21) Ат тоʼнэсь қяоӷон. (22) Қайе каңдиңа деʼң оңон деʼң. (23) Каңдиңтэн дайагалдан. (24) <Которэ колёң каар> каңтаңольбетин. (25) Каңтаң дагалан доʼң семья деʼң. (26) Сяле доп баат ақта. (27) Утот баат дабаамась Уння <капаң> деʼң. (28) И Коротких этих... (29) этих маленьких Коротких у отца семья большая была. (30) И мы – четыре чума. (31) Пушнины много было. (32) Деʼң дассанноольбетин хорошо. (33) Хорошо дассанноольбетин. (34) <А иль...> ъта <илля барма> аль дасса... (35) Хорошо дассанно... (36) Ассель өнь дейаңабетин. (37) Ну, всё тоʼнам пока. (38) Это первый приехала я год вот сюда охотиться.","(1) Я родилась... (2) Я родилась на Енисее [= большая вода]. (3) Здесь, на Енисее [= большая вода] я родилась. (4) Мы жили в низовье. (5) Я у деда жила. (6) Мой дед меня удочерил. (7) Растил меня. (8) У них я росла... (9) жила. (10) Потом учил меня работать. (11) Учили меня работать. (12) В двадцать первом году сюда приехали, в Суломай. (13) Здесь, в Суломае, ни одного дома не было. (14) Ни дома, ни сарая. (15) Только чумы стоят. (16) Люди муку собирали. (17) Люди муку собирают, на зиму муку, на целый год муку. (18) Женщины сами работают. (19) Людям и собакам готовят похлебку. (20) Нарты делают. (21) Так [=обыкновенно] я росла. (22) Потом люди пошли в зимний аргиш. (23) Пошли в лес по зимней дороге. (24) <перевод неясен> пошли в зимний аргиш. (25) Три семьи пошли на зимнюю охоту. (26) Отец Сяле, хороший старик. (27) Старик Утот со своей старухой Унней, <перевод неясен> люди. (28) И Коротких этих... (29) У отца Коротких семья большая была. (30) И мы – четыре чума. (31) Пушнины много было. (32) Люди хорошо охотились. (33) Хорошо охотились. (34) <перевод неясен> в лесу охотились. (35) Хорошо охотились. (36) Много зверей добыли. (37) Ну, это все пока. (38) Это первый год приехала я сюда охотиться."
(1) Әт долин анат бахтадиңтин. (2) Аб қибуң хай бахтадиңтин долин қатоб қуга. (3) Аб қибуң а аль лeска қатоб қуга ырсь. (4) Эккин дeсолийин. (5) Улесь датпияқ. (6) Қиб это. (7) Ънң қуска улесь хыта датпияқ. (8) Хай си’диңа хыта улидит. (9) Қиб қая доʼн кайбнам (10) Эккин дэсийин. (11) Ънң бара хәнуна каба. (12) Чтобы богдотдиңа қан богдотдиңа хыта қан улюдит. (13) Қиб қая қиб қая доʼнь. (14) А эккин қая қуʼсь тақвилян. (15) Қиб и қима эккин даңэйин. (16) Ат қоʼк кеʼт қусьдиңал әлей эккинна анбок  әлей эйбокбдақ. (17) Хай қая кусьн динбесьн. (18) Эккин қусьдиңа тақолян. (19) Аб қибаң эккин даңэйин (20) А ам аяңыга былам (21) Исқобаң әлей былам. (22) Буң қая кусьн а хыта хәнаңдиңа хәнаңдидиңа ат кыльбантон. (23) Да эккинна боʼк хыта баңдиңа. (24) Тоʼн ат қая дигдоқан. (25) Қая буң а аб қибуң да дунон. (26) Ам об дунон. (27) Об аб армидиңа дуно. (28) А ам қоʼк кеʼт дигдоқан. (29) А ат қая школадиңал касьдинқусьн. (30) Сим школа абаң қак сыкн было. (31) Қак сыкн мне было. (32) Буң қая. (33) Школадиңтин ансом школадиңтин дуольдақ бек. (34) Только сил ат бат сюкбоон қуська. (35) Қая амась қуська дигин. (36) Қая әтн дәңон. (37) Қая ат дусбоолбет. (38) Өнс сыкн дугдэ. (39) Это семь лет. (40) Өнс сыкн дугдэ ат дольдақ. (41) А қая это а турадиңа богон берсеб эсаң а. (42) Ам қая экзамены былда ат қәтнбет. (43) Ақта дусьбоольбет. (44) Қая ам ириң абаңаль дәқәтнбет. (45) Ат мана қя атбоольдэн ну қя атбоолдэн. (46) Уська иңось. (47) Ат қая турадиңаль қуська димесь. (48) Аб бисебиң ун бисебиң буң хә хәнунән. (49) Ат қая бәйдоңольбет. (50) Ам аб дәно дәно силь дәно. (51) Атас амда қак дыль. (52) Суга ат бейдоңолбет дыльгат. (53) Буң қая школадиңа касьдинамин школадиңа. (54) Қая аб тет. (55) Дыльгат каоңситий бисебиң. (56) Да аб тет битсанаңтэн лобетольбет. (57) Туль ат хай даңа боготн бинди ке’тдаңа. (58) Туль қая кисең динбесн. (59) Кисең динбесн. (60) Кисең дәңготн абаңтэн. (61) Онь деʼң. (62) Дыльгат ат даңольбет. (63) Ан тоʼн әга дуин. (64) Қоʼк хыʼб дуно қоʼк. (65) Қя дыль дуно. (66) Хай тет. (67) Хай бән инам ын кунса сыы сээң уготн. (68) Тет аб тет дуно. (69) А ен ат кисэң дигарақн дилярақ. (70) Бильтан ат боготн. (71) Всё.,"(1) Мы жили раньше в Бахте. (2) Мои предки [=деды] еще в Бахте жили [в] устье реки [=берега]. (3) Мои деды в лесу, в лесу [в] устье реки [=берега] [жили] весной. (4) Гроза ударила [=крикнула]. (5) Дождь полил. (6) Дед, это... (7) [По] жерди в чуме дождь вниз полил. (8) Еще на подстилку вниз лило. (9) Дед потом нож взял. (10) Гром гремит [=громы кричат]. (11) Жердь, говорит, немного подрежу. (12) Чтобы в очаг, чтобы в очаг, вниз чтобы вода лила. (13) Дед потом, дед потом нож [взял]. (14) А гром потом в чум ударил. (15) Деда и бабушку гром убил. (16) Меня одну из чума наружу громовой волной выбрасывает. (17) Еще потом русские пришли. (18) Гром в чум ударил. (19) Моих деда и бабушку[=дедов] гром убил. (20) А мать в деревне была. (21) [На] рыбалке снаружи была. (22) Они, русские, потом в песок, в песок меня закопали. (23) А молния [=громовой огонь] вниз, в землю, [ушел]. (24) Так я потом осталась. (25) Потом они, мои предки [=деды], да, умерли. (26) Мать, отец умерли. (27) Мой отец в армии умер. (28) А мать одна осталась. (29) А потом в школу меня забрали. (30) Когда в школу пошла [=школа], мне пять лет было. (31) Пять лет мне было. (32) Они потом... (33) В школе раньше, в школе век жили. (34) Только летом я возвращалась в чум. (35) Потом с матерью в чуме жили. (36) Потом мы ушли. (37) Потом я училась. (38) В течение семи лет. (39) Это, семь лет. (40) В течение семи лет я жила. (41) А потом, это, в Туру поехала [на] медика чтобы [учиться]. (42) Мать потом… экзамены все я сдала. (43) Хорошо я училась. (44) Потом мать письмо [=орнаменты] мне послала (45) Я, говорит, очень болела, очень болела. (46) Я в чум, чум [вернулась]. (47) Потом из Туры в чум вернулась [=пришла]. (48) Мои сестры, две сестры, они маленькие. (49) Я потом о них заботилась. (50) Мать моя умерла летом здесь. (51) Со мной пять детей матери. (52) Назад я вернулась заботиться о детях. (53) Они потом в школу меня взяли, в школу. (54) Потом мой муж. (55) Я детей ращу, сестер. (56) А мой муж в экпедициях работал. (57) После я еще за него пошла, за своего мужчину. (58) ‎‎После… потом сюда приехали. (59) Сюда приехали. (60) Сюда пойдем, ко мне. (61) Много людей. (62) Детей я родила. (63) Так они здесь и живут . (64) Один сын умер. (65) Старший ребенок умер. (66) Еще муж. (67) Еще недавно, второй… следующий год сейчас [=здесь] идет. (68) Муж, мой муж умер. (69) А сейчас я здесь живем, жила. (70) Куда я пойду. (71) Все."
"(1) Зимой охотилась. (2) Ой, ат кәт ат дассанноонбет. (3) Этң, эт. (4) Ой, сааң сааң. (5) Ким этң бән усяң. (6) Она сең диксибесн. (7) Этң. (8) Қин қин ким хай бән усяң <нрзб> (9) Хънуна то была. (10) Обильда хънуна. (11) Сеңна әтн тольдаңӷутин. (12) Биль, биль дагалақн. (13) Бильс. (14) Бодэнт эсяң ан дагалақн по этой дороге. (15) Это қоʼтбесь. (16) Ын қуʼңдиңа ан дагалақн. (17) Ын қуʼңдиңа. (18) Первый дагалақн доʼң қуʼңдиңа дагалақн. (19) Кәтдақ кәтдақ дагалақн. (20) Кәт. (21) Туль әт диндаңӷутин. (22) Бат беть диндаңӷутин. (23) Колxозка дилобетонбетн. (24) Бат диндаңӷут. (25) Хънуна бат колуңон. (26) Общее собрание беть долбетн баʼңдиңтин. (27) Колxоздиңтин. (28) Туль хънуна бат дуңлибетин. (29) Хънуна бат дуңлибетин апрельдаңт. (30) Туль леʼсдиңа бат даңон. (31) Кәʼка қолепка альту сеең бат беть дақастн колxоздиңт. (32) Кубометры бат ставили. (33) Қус иʼ ын деʼңнаң сик кубометра надо ставить. (34) Сик кубометр надо ставить колxоздиңт. (35) А кеʼт у бен бат бинут. (36) Кеʼт қим қадаң кеʼт қаддак қя бат бинут. (37) ‎‎Қаддак қя. (38) Иругде кеʼт бат догот бат дақасда. (39) И тут тут догот трудодень кеʼт кеʼт через силу карадаң. (40) Ким деʼң қим. (41) Ута қимди деʼң дақасдан. (42) Деʼң она өнь пиланаң. (43) Колxоздиңт ким бат бат молодежь обильда кеʼтда дыльгет. (44) Әт бат дақасдан. (45) Қоң хай бат сайдоолбетин. (46) А буң. (47) Аксь кеʼтдаңт усяң таңа наʼн. (48) Туль қоть сааранан таңа. (49) Ын кубометры кебетс. (50) Кебетс хандо. (51) Ын қанан. (52) Четыре надо надо та догат. (53) Қайа кебетс қоблақн. (54) Бат беть хандон аʼқ. (55) Тося бат қобляқн (56) Это ын кубометр это кеʼт кеʼт кеʼт ду день кайбаӷусь. (57) Ын кубометр день кеʼт кайбаӷусь. (58) Ын кубометр қусь трудодней семьдесят копеек қарэт. (59) Эʼк қакаң эʼк целковыx. (60) Қакаң эʼкаң қакаң целковыx. (61) Пятнадцать рублей за два кубов. (62) Там там за два кубов. (63) Там қусь. (64) Мне забыла что-то. (65) Ну, в общем, на трудодни сик кубов надо. (66) Там ду ынам ынам ын деʼң сик кубов надо пилить, поставить, колоть. (67) Қусь, қусь хай дескабдақ. (68) Аʼқ съъсям. (69) Тик хоӷон. (70) Тик аська первой бесяң догатн қолтинайдиңа тик. (71) Кеʼт бат дуллибет қаддак қя. (72) Улясь кеʼт бат дуллубет. (73) Тик бат бинбус қоң. (74) Туль қипқо уталь қипқо наверное бат дақасинан колxоздиңт. (75) Өнь деʼң дақасинан.","(1) Зимой охотилась. (2) Ой, я зимой я охотилась. (3) Соболи, соболь. (4) Ой, белки, белки. (5) Тогда соболей не имелось. (6) Только олени сюда приходят. (7) Соболи. (8) Лоси, лосей тогда еще не имелось <нрзб> (9) Немного то было. (10) Было немного. (11) На оленях [=оленьи] мы ездили. (12) Далеко, далеко ходили в лес. (13) Далеко. (14) Последний раз обычно ходили в лес по этой дороге (15) По этой дороге. (16) В двух чумах обычно ходили в лес. (17) В двух чумах. (18) Сначала ходили в лес в трех чумах, ходили в лес. (19) Зимовать, зимовать ходили в лес. (20) Зимой. (21) После мы отдыхали [=сидели]. (22), бывало, ведь перемещались. (23) В колхозе работали. (24), бывало, переместились. (25) Немного, бывало, отдыхали. (26) Общее собрание ведь делали там. (27) В колхозе. (28) После немного, бывало, отдыхали. (29) Немного, бывало, отдыхали в апреле. (30) После в лес, бывало, шли. (31) В другой стороне, в лесу здесь, бывало, ведь дрова заготавливаем в колхозе. (32) Кубометры, бывало, ставили. (33) За один день двум людям четыре кубометра надо поставить. (34) Четыре кубометра надо ставить в колхозе. (35) А у человека сила ведь, бывало, кончается. (36) Человек, женщина, народ, человек очень сильно ведь уставший [=кончается]. (37) Очень сильно. (38) Целый день человек, бывало, трудодень [=часть], бывало, дрова заготавливает. (39) И тут трудодень, человек через силу к тому. (40) Женщина, люди, женщина. (41) Вверх по течению женщины дрова заготавливают. (42) Людей только много у пил. (43) В колхозе, бывало, одна молодежь была, дети, дети. (44) Мы, бывало, дрова заготавливаем. (45) В течение дня еще, бывало, чай пили. (46) А они. (47) Что у человека имеется, ничего кроме хлеба. (48) Потом, хоть без сахара, ничего кроме. (49) Два кубометра, заготовки. (50) Заготовки рубил. (51) Два кубометра. (52) Четыре надо рубить. (53) Потом заготовки поставляем [=ставим]. (54) Бывало, ведь рубил дрова. (55) ‎‎Наверх, бывало, поставлял [=ставил]. (56) Это, два кубометра, это, человек деньги берет. (57) За два кубометра деньги человек берет. (58) Два кубометра один трудодень – семьдесят копеек, послушай. (59) Двадцать за пять, двадцать целковых. (60) За пять за двадцать пять целковых. (61) Пятнадцать рублей за два куба. (62) Там, там за два куба. (63) Или один. (64) Я забыла что-то. (65) Ну, в общем, на трудодни четыре куба надо. (66) Или двум людям четыре куба надо пилить, поставить, колоть. (67) Один, один еще вверх бросает. (68) Дрова тяжело [бросать]. (69) Снег глубокий. (70) Снег, когда вначале рубят, по подмышки снег. (71) Человек, бывало, промок очень сильно. (72) От воды человек, бывало, промокал. (73) Снег, бывало, тает в течение дня. (74) После целый месяц, наверное, бывало, дрова заготавливали в колхозе. (75) Много людей дрова заготавливали."
"(1) Анар ъӷай деʼң қум тийе долин. (2) Кыт хай қум тийе долин. (3) Кыт қум сенна иңольтэңась хыта дётиңқобильдан. (4) А силь қум қыңась бат дётиңқабдан. (5) Силь деʼң дисқоольбетин. (6) Кыт дассанноольбетин. (7) Санноольбетин. (8) Хигэн кыт санноольбетин. (9) Қим қа қусь тийе лёберольбет. (10) Бу дааӷасля. (11) Аӷасей бек... (12) Аӷасей... (13) Қимнэн дааӷасейн. (14) Хигэн кыт бән дагасейн. (15) Тик қим бу датогусёльбет. (16) Бу дананберольбет. (17) Қа иңусь тийе, қусь тийе қусең дататеңқабра. (18) Дыльгет хай быльда қим даңатось. (19) Хиг только дассанноольбет. (20) Силь дисқоабет. (21) Ень деʼң еңңун тийе дугин. (22) Там бесь ана бән и дисқоабдан ана. (23) Ассанно хай бән быльда деʼң таяңӷотин. (24) Ень деʼң бән тоʼн дугин, (25) биля ъӷай долин. (26) Кысьн деʼң еңңундиңа сидақоңонден. (27) Ень деʼңна дъʼқ, анар ъӷай деʼңна дъʼқ хъқтонақ. (28) Самле деʼң уроаңогон. (29) Хигэн лёберэсяң бәнаңқоʼй. (30) Дыльгет долоңтийин (31) хай тоʼн лёберэсяң эсьқовэн наңа. (32) Лёберэсяң бәнаңқоʼй. (33) Ень қайе там биля қоте деʼң ась дугин, (34) бән дабатабет. (35) Ну, хватит, по-моему. (36) Лингвист: Еще чего-нибудь. (37) Деʼңна дъʼқ там биля хъқтонақ. (38) Ень долоңтийин дильгет (39) бән итаңлем (40) там биля қусь тийе кеʼт дуарақ. (41) Әт ана қаңенсётин қум тийе, (42) Таңа еңңуң тийе деʼң ень дугин. (43) Кысьн деʼңна дәʼқ хъқонбетин бень. (44) А еньдиңа дыльгет бәнаңқоʼй ана хыня китенсь китей дыльгет. (45) Еңңундиңт бән лёверабетин ана. (46) Кинун қанун таяңӷотин. (47) Тоʼн деʼңна дъʼқ хъқтонақ. (48) Ну, хватит, по-моему.","(1) Раньше люди в чумах жили. (2) Зимой тоже в чумах жили. (3) Зимой чумы оленьими шкурами накрывали. (4) А летом чумы тисками накрывают. (5) Летом люди рыбачили. (6) Зимой – охотились. (7) Белковали. (8) Мужчины зимой белковали. (9) Женщина в чуме работала. (10) Заготавливала дрова. (11) Заготавливать дрова... (12) Заготавливать дрова... (13) Женщины дрова заготавливают. (14) Мужчины зимой не рубят дрова. (15) Женщина снег растапливала. (16) Пекла хлеб. (17) В чуме всегда убирается. (18) Всех детей тоже женщина растит. (19) Мужчина только охотился. (20) Летом рыбачит. (21) Теперь люди в домах живут. (22) Никто даже и не рыбачит. (23) Охотиться тоже не все ходят. (24) Теперь люди живут не так, (25) как в старину жили. (26) Русские приучили людей к домам. (27) Теперь жизнь людей, старинная жизнь людей испортилась. (28) Некоторые стали выпивать. (29) Мужчины не хотят работать. (30) Дети выросли, (31) и им тоже лень работать. (32) Не хотят работать. (33) Как же люди дальше будут жить, (34) не понимаю. (35) Ну, хватит, по-моему. (36) Лингвист: Еще чего-нибудь. (37) Жизнь людей как-то испортилась. (38) Теперь выросшие дети (39) не знают, (40) как человек живет в чуме. (41) Мы выросли в чумах. (42) Теперь люди только в домах живут. (43) Русские людям жизнь испортили. (44) Теперь ни маленькие дети, ни молодежь не хотят жить той жизнью. (45) Даже в деревне не работают. (46) Ходят туда-сюда. (47) Так жизнь людей испортилась. (48) Ну, хватит, по-моему."
"(1) Ат хънынадыльдиңаль баʼң Келлогдиңтэн долдақ. (2) Аб өб, ам, ат была, биснемин хай. (3) Так-то өнь биснемин, а видишь, ага, они были, ну... (4) Ень әт доʼң: ын хиген, аб биснемин, и ат, қоʼк қим дыль. (5) Әт бек леʼска ақ долин, қусь тийе. (6) Школадиңа ат богон, (7) ат қусь қаʼ ана бән итперам қысьнбэсь. (8) Кисяң школадиңтән ат кысьнбэсь только асанэй богон, (9) потому что қусь қаʼ ана ат бән итперам... (10) то есть бән... (11) Ну и тоʼнь и долдақ ат, (12) пока ат бән қяоӷон, (13) школа бән кончила. (14) Пока школа бән кончила. (15) Қайе ат кисяң ат богон киниль дыльгетась. (16) Әт даңон. (17) Ат богон. (18) Колетдиңа богон. (19) Ат қайе колетдиңаль уська диимэсь. (20) Кисяң ат тетнам. (21) Тет, абат кынсь тет. (22) Доʼң дыльгет абат. (23) Самый қя аб хыʼб – хигдыль. (24) А хъня дыльгет – қимдыльгет. (25) Ень уже аб дыльгетнаңтэн бинаңнаңтэн семья усяң. (26) Қалэн абат еням усяң. (27) Доʼң қалэн пока. (28) Ат бень хы лёберабет, (29) хотя ақта пенсия получаю. (30) Кынсь пенсия ат багарей. (31) Хорошая пенсия. (32) Ақта пенсия то есть. (33) Киʼ иңусь аб хыʼб баңтэн томто. (34) Ень сёоң ат дигарақ. (35) Аб дыльгет лёберабетин уже. (36) Қя хыʼб средняя аб хуʼнась школадиңтэн лёберабетин. (37) Самый хъньсь в Туруханске далёберабет. (38) Ат бин сколько дигарақ дугдэ кисяң (39) в больницу богон кеʼт, (40) сёоң длёберабет. (41) Сёоң ат и длёберабет. (42) Пока силы абат усяң, (43) ат, наверное, сёоң и останусь. (44) Кисяң әт еэльтий тайан... (45) Бат дагаолдан еэльтий. (46) Потому что кроме еэль кисяң бән там акусь ана тяңа. (47) Кинесь худмеэль усяң, (48) хуʼсь усяң, (49) ъй усяң, (50) съни усяң. (51) Аб дыльгет таңа қысьнбэсь даскан... (52) Остыганнась асанъй совсем бән итаңлям. (53) Потому что аб тет, кыньсь тет бән даскан... (54) Хънына тоʼн итаңлям асесь қаань, (55) ну бән даскансян. (56) Аб биснемин... (57) Аб хъня бисеп бин қоой дигарақ. (58) Бура дыльгет. (59) Хай қяң уже дыльгет. (60) Қяң дыльгет уже. (61) Самый қя қимдыль. (62) Туре тетнам. (63) Диңа дыль усяң. (64) А ещё қя бисеп абат усяң. (65) Туре карен кеʼт. (66) Бэн бин дугарақ. (67) Бән лёберабет. (68) Анун биндаңа дугарақ. (69) Қим даңа тааң, конечно. (70) Деʼң кисяң ақта деʼң дугин. (71) Вот только уль қаддоқ өнь дабдон. (72) Пекарня кисяң тяңа. (73) Әт биндаң наʼнберабетин. (74) Спасибо большое. (75) Как могла, (76) так и сказала.","(1) Я с детства жила в Келлоге. (2) Наша семья была: отец, мать я и еще братья. (3) Так-то много было братьев... (4) А сейчас трое нас осталось: двое мальчиков и я одна девочка. (5) Мы всегда в лесу жили, в чуме. (6) Когда я пошла в школу, (7) я не знала ни одного слова по-русски. (8) Только в школе я начала говорить по-русски. (9) До этого ни одного слова не знала. (10) То есть не... (11) Ну, так я и жила, (12) пока не выросла (13) и не кончила школу. (14) Ага, пока школу не кончила. (15) Потом я с ребятами отсюда уехала. (16) Мы уехали. (17) Я уехала. (18) Я поехала в город. (19) А потом из города я вернулась обратно. (20) Здесь я вышла замуж. (21) Муж у меня русский. (22) У меня трое детей. (23) Самый старший - сын, мальчик. (24) А младшие - дочки. (25) Сейчас у моих детей уже свои семьи. (26) У меня уже внуки есть. (27) Пока три внука. (28) Я еще работаю, (29) хотя хорошую пенсию получаю. (30) Русскую пенсию получаю. (31) Хорошая пенсия. (32) Хорошая пенсия то есть. (33) Мой сын построил мне новый дом. (34) Сейчас я там живу. (35) Мои дети работают уже. (36) Старший сын и средняя дочь в школе работают. (37) А самая младшая в Туруханске работает. (38) Я сама, сколько здесь живу, (39) как пошла работать в больницу, (40) там и работаю. (41) Там я и работаю. (42) Пока силы у меня есть, (43) я, наверное, там и останусь. (44) Здесь мы ходим собирать ягоды. (45) В лес ходим собирать ягоды. (46) Здесь кроме ягод ничего нет. (47) Здесь <перевод неясен> есть, (48) черника есть, (49) смородина, (50) рябина. (51) Мои дети только по-русски говорят. (52) По-кетски вообще не умеют говорить. (53) Потому что мой муж, русский муж, не разговаривает. (54) Немного так знают, какие-то слова, (55) но не разговаривают. (56) Мои братья... (57) Мой младший брат сейчас по соседству живет. (58) У него дети. (59) Уже взрослые дети. (60) Взрослые дети уже. (61) Самая старшая - дочка. (62) Она уже замужем. (63) У нее ребенок есть. (64) У меня еще старший брат есть. (65) Он недоношенный. (66) Но сам живет. (67) Не работает. (68) Как может, так и живет. (69) Жены у него нет, конечно. (70) Люди здесь хорошие живут. (71) Вот только водки пьют очень много. (72) Пекарни тут нет. (73) Мы сами печем хлеб. (74) Ну, спасибо большое. (75) Как могла, (76) так и рассказала."
"(1) Это, конечно, давно уже было, в семьдесят четвертом году. (2) Мне лет десять было. (3) Лингвист: По-кетски. (4) А! (5) Иням уже туре. (6) Уже ж тридцать лет уже прошло уж да... (7) Это, в общем, эти года-то я не могу сказать, конечно. (8) То есть слишком уж это... (9) Ну, ладно... это семьдесят четвертом году... (10) Аб бисеб тогда родился самый младший. (11) Сережка. (12) Сейчас его нету. (13) Ага, те, вот мы ездили по речке Келлог. (14) Там... (15) Лингвист: По-кетски. (16) А! Әт дилдақән. (17) Келлогбесь аӷат даӷат дэськалақэн. (18) Об, ат, Андрей, Максим. (19) Ну и еще та... а... сёоң хай еще баам была. (20) Имлем баам. (21) Қаря буд хыʼб хай, (22) қаря буд қал хай. (23) Әт Келлогбесь ъга дэськалақэн. (24) Это силь, силь, ага. (25) Об хай дисьқоольбет. (26) Ъӷай әт еще хънунаң да. (27) Қаря сёоң әт э палатка тие сёоң әт дольдәқин. (28) Э туре синь... синь там аська это... это... обэ... об Дуткаась оңон. (29) Деʼдиңа әд агә... агә оңон. (30) Унягын, хъңэн э... хъңэн оңон. (31) Дисьқоольбетин. (32) Әт палаткадиңа былаң. (33) Ту баам хай сюуң палаткадиңтен, Имлем баам. (34) А қаря әт, (35) об диимэсь кыга, (36) это... аӷасей әт ага даңон. (37) Аӷасей. (38) Доʼң деʼң: ат, Дутка и Андрей. (39) Қаря об аксь эсяң там атнь дугогон: (40) «Ъдин! (41) Ъдин!» (42) «Акусь таңори?» (43) «А сеоң, – бара, – қон, – бара, – таяңӷотин». (44) «А бисең таяңӷотин?» (45) «А къга сёоң, къга сёоң, къга сёоң э...» (46) Там биля ат энбонсең. (47) Песок как там биля. (48) На той стороне, в общем, на песке батаң толоңӷотән. (49) Ынәң е. (50) А әт-то хънунаң – (51) әтэ бутолекән. (52) А об бара: (53) «Те асьлиндиңа кадаңхәнн. (54) Әт хънуна э... хънуна әт, – бара, – покатаемся». (55) Ну, и ладно. (56) Әт, әт кондаңхънн. (57) А сёоң... а баат бень тося бинь долетаң. (58) Бень уль хай баʼң дэттийсибет. (59) Деэсигинән баам баатась. (60) Э әт, әт бинь бутолекән. (61) А Максим, ту а... ту хъня дыль бэт. (62) Хай қот Гена, е Гена, Гена е. (63) Ту бень бинь бутолекән. (64) Ту а Гена бара: (65) «Баамә! (66) Ту, – бара, – бень коннь таёңӷотин». (67) Ту батаңнаңа бара, (68) коннь бат таёңӷотин. (69) Әт қадэ даӷолейин. (70) Қаря а ту баам... қаря е баам-то укон. (71) Леʼсдиңа аӷатнэ. (72) Туре укон. (73) А баат хы уль тие десьтэйт. (74) Деэсяӷот. (75) Қаря қиб баат хай окон хай. (76) Қаря окон леʼсдиңа. (77) Уська бинь ага дә= дътонақ. (78) Окон. (79) Э әт қаря хай усь палаткадиңа диимэсин. (80) «Къма», – қаря обдаңа нима. (81) Әт ситат бәнь тольдамин. (82) Э хънынсин-то тольдамин, Андрей, Максим и я. (83) И әтә около әтн богдот кокдиңтен конхънән. (84) Қае қоноксяң: «Те, къма, е сукдиңтен, е сукдиңтен эңңуңдаңтен». (85) Қаря әт е, қаря әт эңңуңдиңа даңкон. (86) Сюга туде диимэсин. (87) Сюк диимэсин. (88) А қаря э... Туруханскдиңаль ириң диимэсь, (89) что у нас Сережка родился. (90) Вот тоʼн туре. (91) Это было четырнадцатого июля, в семьдесят четвертом году.","(1) Это, конечно, давно уже было, в семьдесят четвертом году. (2) Мне лет десять было. (3) Лингвист: По-кетски. (4) А! (5) Давно уже это было. (6) Уже ж тридцать лет прошло, да… (7) В общем, эти года-то я не могу сказать, конечно. (8) То есть слишком уже это… (9) Ну, ладно... это в семьдесят четвертом году… (10) Мой брат тогда родился самый младший. (11) Сережка. (12) Сейчас его нету. (13) Ага, ну, вот мы ездили по речке Елогуй. (14) Там… (15) Лингвист: По-кетски. (16) А! Мы ездили. (17) Ездили вверх по Елогую. (18) Отец, я, Андрей, Максим. (19) И еще там была бабушка. (20) Бабушка Имлем. (21) А еще ее сын (22) и внук. (23) Мы по Елогую вверх ездили. (24) Летом, ага. (25) Отец рыбачил. (26) Мы тогда еще маленькие были. (27) Жили там в палатке. (28) Однажды отец с Дуткой ушли. (29) Пошли на озеро. (30) Сети проверять пошли. (31) Они рыбачили. (32) А мы в палатке были. (33) И бабушка в палатке была, бабушка Имлем. (34) Потом мы, (35) когда отец пришел, (36) мы пошли в лес за дровами. (37) Собирать дрова. (38) Втроем: я, Дутка и Андрей. (39) А отец почему-то начал кричать: (40) «Идите сюда! (41) Идите сюда!» (42) «Что случилось?» (43) «Там, – говорит, – медведи ходят». (44) «Где ходят?» (45) «На той стороне...» (46) Как-то... я уже забыла теперь. (47) Песок как? Как-то… (48) На той стороне, в общем, на песке медведи ходили. (49) Два, ага. (50) Мы-то маленькие были – (51) испугались. (52) Отец говорит: (53) «Давайте сядем в лодку. (54) Мы немного, – говорит, – покатаемся». (55) Ну, и ладно. (56) Мы сели. (57) А медведь поднялся на задние лапы. (58) По воде бьет. (59) Ревут, медведь и медведица. (60) Мы испугались. (61) А Максим ведь еще маленький. (62) И еще Гена, да, Гена. (63) Они испугались. (64) А Гена говорит: (65) «Бабушка! (66) Вон, – говорит, – ведь кони ходят». (67) На медведей говорит, (68) что лошади ходят. (69) Мы потом смеялись. (70) Потом та медведица ушла. (71) В лес ушла. (72) Ушла. (73) А медведь все по воде шлепает. (74) Ревет. (75) Потом и медведь убежал. (76) Убежал в лес. (77) Обратно в лес ушел. (78) Ушел. (79) Потом мы вернулись в палатку. (80) «Поехали [=прочь]», – я потом отцу сказала. (81) Мы всю ночь напролет не спали. (82) Маленькие-то спали, Андрей, Максим и я. (83) Мы у костра сидели. (84) Потом утром [я сказала]: «Ну, поедем [=прочь] домой, в деревню». (85) Потом мы в деревню поехали. (86) Приехали домой. (87) Домой приехали. (88) А потом… из Туруханска письмо пришло, (89) что у нас Сережка родился. (90) Вот так. (91) Это было четырнадцатого июля, в семьдесят четвертом году."
"(1) Ат сикбатонақ тысьдынтдиңа ырадиңа әлига. (2) Это под весну уже. (3) В феврале. (4) Новый год қайига. (5) Уже деʼң уська эёңогон. (6) Буң қоть сең еще... (7) Сең, сең-то обильда. (8) ‎‎‎За дикими они уже перестали.‎‎‎ (9) ‎‎Возвращаться обратно стали. (10) ‎‎‎Ну и у меня. (11) Также и меня вместе со всеми, со всей семьей. (12) Уська дәңотн бинда мадуйкариңа. (13) Бән әт только и батың. (14) Быльда, все. (15) Ким ян деʼң обильдан. (16) ‎‎‎Семья. (17) Бамәң и қяң деʼң обильдан. (18) Туль, туль, туль қая это уська сең, сең ты баңдиль бат дәңон бинда мадуйкариңа, мадуйка доготдиңа. (19) Уже пока дәңготн. (20) Қоʼт-то угдесь. (21) Пока дәңготн. (22) Уже и ыра бат ситонақ. (23) Март самый. (24) ‎‎Тик бинбусь. (25) А сень оңкбитн селям. (26) Тик сень кондаңтий, кондаңтий. (27) Селям бен оңотн. (28) Кит турэ уська бат дионбесн бинда бинда мадуйкариңа. (29) Бинда дериңа. (30) Бат деʼ доготдиңа. (31) Қасэң обильдан әтнна то ыра қоннусен. (32) ‎‎Весенние чумища. (33) Туда приезжали. (34) Уже с тайги возвращались к Мадуйке. (35) Тусаң турэ кит бат дионбесн ян. (36) Ана ана бән дилақ. (37) Беся суң сэсильта. (38) Туниң бат везде это де’ңнаңа. (39) Обильдан и бедные, и суң всякие. (40) Қотсен сели. (41) Биляңдаң то иса кит бат обильда. (42) Буңаңа бат киддаң кусочек қоть каддаң. (43) ‎‎‎Тоʼн бен бен быльданаңа бат қәтбетин. (44) Так что никого не обижали. (45) Всеми делились. (46) То, что привозили с тайги. (47) Но были и побогаче люди. (48) Обильдан. (49) Вот Ильи Серкова родня, это. (50) Мы их называли кулаками. (51) Он из рода кулаков, да. (52) Я его ненавижу. (53) Жадные такие. (54) Ну что, жалко бедному человеку дать несчастный кусочек. (55) А старики (56) ‎‎Нет, ну что они обижали бедных?! (57) Сами питаются. (58) Ат хәна обильда обильда. (59) Абаң везде надо. (60) Ат туль бат боготн. (61) Турэ қоʼн быльда бат богон. (62) Бисаң араң сай бат датпияқән. (63) Я сытый целый день. (64) Любопытная была. (65) ‎‎‎Везде лазила. (66) Мать хоть меня и ругала: (67) ‎‎‎‎‎«Куда ты ходишь? (68) Зачем ты бегаешь к людям богатым?» (69) Мне почерту. (70) ‎‎‎Все равно носилась. (71) ‎‎Это я помню хорошо. (72) Пойду к... (73) Боготн буңнаңа қасэң. (74) Баам аб қоть сай даатбақ. (75) Аль. (76) Киʼ кит. (77) Свежий кит. (78) Китда аль. (79) ‎‎От души нажрусь за всю жизнь. (80) ‎‎И сытая. (81) Еще мне в придачу дадут домой нести. (82) ‎‎А весной-то снег-то рыхлый. (83) ‎‎Я не могу идти. (84) ‎‎‎Нести не могу. (85) Ну, мясо, оно тяжелое же. (86) Но они хорошо завернут для меня. (87) ‎‎Знают, что далеко. (88) Я ведь в сугробах тону. (89) ‎‎Снег же проваливается, глубокий. (90) Так я все-таки матери дотащу, бывает.","(1) Я родилась у подножия горы к весне ближе. (2) Это под весну уже. (3) В феврале. (4) После Нового года. (5) ‎Уже люди сюда вернулись. (6) Они хоть оленей еще... (7) ‎Олени, олени-то были. (8) ‎За дикими они уже перестали. (9) Возвращаться обратно стали. (10) ‎Ну и меня. (11) Также и меня вместе со всеми, со всей семьей. (12) Домой идем к самой Мадуйке. (13) Не только мы, [но] и старики. (14) ‎Все, все. (15) Тогда много людей было. (16) ‎Семья. (17) ‎Старухи и старые люди. (18) После этого, после, потом, это, сюда из оленьих, оленьих мест вниз по течению пошли к самой Мадуйке, в сторону Мадуйки. (19) Уже, пока идем... (20) Дорога-то длинная. (21) Пока идем, (22) уже и весна наступила. (23) ‎‎Март самый. (24) Снег тает. (25) А олени бегут плохо. (26) В снег олени проваливались [=падали]. (27) Плохо ведь идут. (28) Мясо,это, домой, бывало, привозили, к самой, самой Мадуйке. (29) К самому озеру. (30) Бывало, в сторону озера. (31) Там были наши-то весенние, весенние чумища. (32) Весенние чумища. (33) Туда приезжали. (34) Уже с тайги возвращались к Мадуйке. (35) Сюда, это, мясо, бывало, привозили много. (36) Кто-то, кто-то не ездил. (37) Кто-то здесь сидел. (38) Там, бывало, везде, это, у людей. (39) Были и бедные, и там всякие. (40) Голодные, плохие (41) У которых то рыба, [то] мясо было. (42) Им, бывало, этим кусочек хоть, тем. (43) ‎Так ведь, ведь всем, бывало, дают. (44) Так что никого не обижали. (45) [Со] всеми делились. (46) ‎То, что привозили с тайги. (47) Но были и побогаче люди. (48) Были. (49) ‎Вот Ильи Серкова родня, это. (50) Мы их называли кулаками. (51) ‎Он из рода кулаков, да. (52) Я его ненавижу. (53) ‎Жадные такие. (54) Ну что, жалко бедному человеку дать несчастный кусочек? (55) А старики? (56) Нет, ну что они обижали бедных?! (57) Сами питаются. (58) Я маленькой была, была. (59) Мне везде надо. (60) Я после, бывало, иду. (61) ‎[В] эти чумы все, бывало, ходила.‎ (62) Где мне чай, бывало, наливали.‎ (63) Я сытая целый день. (64) Любопытная была. (65) Везде лазила. (66) Мать хоть меня и ругала: (67) ‎‎‎«Куда ты ходишь? (68) ‎Зачем ты бегаешь к людям богатым». (69) ‎Мне почерту. (70) ‎Все равно носилась. (71) Это я помню хорошо. (72) ‎‎Пойду к... (73) Иду к ним там. (74) Бабушка моя хоть чай наливает. (75) Суп. (76) Свежее мясо. (77) Свежее мясо. ‎(78) Мясной суп. (79) От души нажрусь за всю жизнь. (80) И сытая. (81) Еще мне в придачу дадут домой нести. (82) ‎‎А весной-то снег-то рыхлый. (83) Я не могу идти. (84) Нести не могу. (85) Ну, мясо, оно тяжелое же. (86) ‎‎Но они хорошо завернут для меня. ‎‎(87) ‎‎Знают, что далеко. ‎‎(88) ‎‎Я ведь в сугробах тону. (89) Снег же проваливается, глубокий. (90) Так я все-таки матери дотащу, бывает."
